timeDate-package	00timeDate-package
+,numeric,timeDate-method	methods-mathOps
+,timeDate,numeric-method	methods-mathOps
+,timeDate,timeDate-method	methods-mathOps
-,numeric,timeDate-method	methods-mathOps
-,timeDate,numeric-method	methods-mathOps
-,timeDate,timeDate-method	methods-mathOps
.endpoints	calendar-endpoints
Abidjan	timeDate-DaylightSavingTime
abline,ANY,ANY,ANY,timeDate-method	graphics-plot
Accra	timeDate-DaylightSavingTime
Adak	timeDate-DaylightSavingTime
Addis_Ababa	timeDate-DaylightSavingTime
Adelaide	timeDate-DaylightSavingTime
Aden	timeDate-DaylightSavingTime
Advent1st	holiday-Dates
Advent2nd	holiday-Dates
Advent3rd	holiday-Dates
Advent4th	holiday-Dates
Algiers	timeDate-DaylightSavingTime
align	calendar-align
align,ANY-method	calendar-align
align,timeDate-method	calendar-align
alignDaily	calendar-align
alignMonthly	calendar-align
alignQuarterly	calendar-align
AllSaints	holiday-Dates
AllSouls	holiday-Dates
Almaty	timeDate-DaylightSavingTime
Amman	timeDate-DaylightSavingTime
Amsterdam	timeDate-DaylightSavingTime
Anadyr	timeDate-DaylightSavingTime
Anchorage	timeDate-DaylightSavingTime
Andorra	timeDate-DaylightSavingTime
Anguilla	timeDate-DaylightSavingTime
Annunciation	holiday-Dates
Antananarivo	timeDate-DaylightSavingTime
Antigua	timeDate-DaylightSavingTime
Any to 'timeDate' Coercion	methods-as
Apia	timeDate-DaylightSavingTime
Aqtau	timeDate-DaylightSavingTime
Aqtobe	timeDate-DaylightSavingTime
Araguaina	timeDate-DaylightSavingTime
Aruba	timeDate-DaylightSavingTime
as.character.timeDate	methods-as
as.data.frame.timeDate	methods-as
as.Date.timeDate	methods-as
as.double.timeDate	methods-as
as.list.timeDate	methods-as
as.POSIXct.timeDate	methods-as
as.POSIXlt.timeDate	methods-as
as.timeDate	methods-as
as.timeDate.Date	methods-as
as.timeDate.default	methods-as
as.timeDate.POSIXt	methods-as
as.timeDate.timeDate	methods-as
Ascension	holiday-Dates
Ashgabat	timeDate-DaylightSavingTime
AshWednesday	holiday-Dates
Asmara	timeDate-DaylightSavingTime
AssumptionOfMary	holiday-Dates
AST	timeDate-DaylightSavingTime
Asuncion	timeDate-DaylightSavingTime
Athens	timeDate-DaylightSavingTime
Atikokan	timeDate-DaylightSavingTime
atoms	calendar-julian
atoms,ANY-method	calendar-julian
atoms,timeDate-method	calendar-julian
Auckland	timeDate-DaylightSavingTime
axis.timeDate	graphics-plot
Azores	timeDate-DaylightSavingTime
Baghdad	timeDate-DaylightSavingTime
Bahia	timeDate-DaylightSavingTime
Bahrain	timeDate-DaylightSavingTime
Baku	timeDate-DaylightSavingTime
Bamako	timeDate-DaylightSavingTime
Bangkok	timeDate-DaylightSavingTime
Bangui	timeDate-DaylightSavingTime
Banjul	timeDate-DaylightSavingTime
Barbados	timeDate-DaylightSavingTime
Beirut	timeDate-DaylightSavingTime
Belem	timeDate-DaylightSavingTime
Belgrade	timeDate-DaylightSavingTime
Belize	timeDate-DaylightSavingTime
Berlin	timeDate-DaylightSavingTime
Bermuda	timeDate-DaylightSavingTime
BirthOfVirginMary	holiday-Dates
Bishkek	timeDate-DaylightSavingTime
Bissau	timeDate-DaylightSavingTime
Blanc-Sablon	timeDate-DaylightSavingTime
Blantyre	timeDate-DaylightSavingTime
blockEnd	stats-blockStart
blockStart	stats-blockStart
Boa_Vista	timeDate-DaylightSavingTime
Bogota	timeDate-DaylightSavingTime
Boise	timeDate-DaylightSavingTime
BoxingDay	holiday-Dates
Bratislava	timeDate-DaylightSavingTime
Brazzaville	timeDate-DaylightSavingTime
Brisbane	timeDate-DaylightSavingTime
Broken_Hill	timeDate-DaylightSavingTime
Brunei	timeDate-DaylightSavingTime
Brussels	timeDate-DaylightSavingTime
Bucharest	timeDate-DaylightSavingTime
Budapest	timeDate-DaylightSavingTime
BuenosAires	timeDate-DaylightSavingTime
Buenos_Aires	timeDate-DaylightSavingTime
Bujumbura	timeDate-DaylightSavingTime
c	base-c
c.timeDate	base-c
CACanadaDay	holiday-Dates
CACivicProvincialHoliday	holiday-Dates
CAFamilyDay	holiday-Dates
Cairo	timeDate-DaylightSavingTime
CALabourDay	holiday-Dates
Calcutta	timeDate-DaylightSavingTime
Cambridge_Bay	timeDate-DaylightSavingTime
Campo_Grande	timeDate-DaylightSavingTime
Canary	timeDate-DaylightSavingTime
Cancun	timeDate-DaylightSavingTime
Cape_Verde	timeDate-DaylightSavingTime
Caracas	timeDate-DaylightSavingTime
CaRemembranceDay	holiday-Dates
Casablanca	timeDate-DaylightSavingTime
Casey	timeDate-DaylightSavingTime
Catamarca	timeDate-DaylightSavingTime
CAThanksgivingDay	holiday-Dates
CAVictoriaDay	holiday-Dates
Cayenne	timeDate-DaylightSavingTime
Cayman	timeDate-DaylightSavingTime
CelebrationOfHolyCross	holiday-Dates
Center	timeDate-DaylightSavingTime
CET	timeDate-DaylightSavingTime
Ceuta	timeDate-DaylightSavingTime
Chagos	timeDate-DaylightSavingTime
CHAscension	holiday-Dates
Chatham	timeDate-DaylightSavingTime
CHBerchtoldsDay	holiday-Dates
CHConfederationDay	holiday-Dates
Chicago	timeDate-DaylightSavingTime
Chihuahua	timeDate-DaylightSavingTime
Chisinau	timeDate-DaylightSavingTime
CHKnabenschiessen	holiday-Dates
Choibalsan	timeDate-DaylightSavingTime
Chongqing	timeDate-DaylightSavingTime
Christmas	timeDate-DaylightSavingTime
ChristmasDay	holiday-Dates
ChristmasEve	holiday-Dates
ChristTheKing	holiday-Dates
CHSechselaeuten	holiday-Dates
Cocos	timeDate-DaylightSavingTime
coerce,ANY,timeDate-method	methods-as
coerce,Date,timeDate-method	methods-as
coerce,POSIXt,timeDate-method	methods-as
coerce,timeDate,character-method	methods-as
coerce,timeDate,data.frame-method	methods-as
coerce,timeDate,Date-method	methods-as
coerce,timeDate,list-method	methods-as
coerce,timeDate,numeric-method	methods-as
coerce,timeDate,POSIXct-method	methods-as
coerce,timeDate,POSIXlt-method	methods-as
Colombo	timeDate-DaylightSavingTime
Comoro	timeDate-DaylightSavingTime
Conakry	timeDate-DaylightSavingTime
Copenhagen	timeDate-DaylightSavingTime
Cordoba	timeDate-DaylightSavingTime
CorpusChristi	holiday-Dates
Costa_Rica	timeDate-DaylightSavingTime
CST	timeDate-DaylightSavingTime
Cuiaba	timeDate-DaylightSavingTime
Curacao	timeDate-DaylightSavingTime
currentYear	options-currentYear
Currie	timeDate-DaylightSavingTime
cut.timeDate	stats-window
Dakar	timeDate-DaylightSavingTime
Damascus	timeDate-DaylightSavingTime
Danmarkshavn	timeDate-DaylightSavingTime
Darwin	timeDate-DaylightSavingTime
Dar_es_Salaam	timeDate-DaylightSavingTime
Davis	timeDate-DaylightSavingTime
Dawson	timeDate-DaylightSavingTime
Dawson_Creek	timeDate-DaylightSavingTime
DaylightSavingTime	timeDate-DaylightSavingTime
dayOfWeek	calendar-dayOfWeek
dayOfYear	calendar-dayOfYear
DEAscension	holiday-Dates
DEChristmasEve	holiday-Dates
DECorpusChristi	holiday-Dates
DEGermanUnity	holiday-Dates
DENewYearsEve	holiday-Dates
Denver	timeDate-DaylightSavingTime
Detroit	timeDate-DaylightSavingTime
Dhaka	timeDate-DaylightSavingTime
diff	base-diff
diff.timeDate	base-diff
difftimeDate	base-difftimeDate
Dili	timeDate-DaylightSavingTime
Djibouti	timeDate-DaylightSavingTime
Dominica	timeDate-DaylightSavingTime
Douala	timeDate-DaylightSavingTime
Dubai	timeDate-DaylightSavingTime
Dublin	timeDate-DaylightSavingTime
DumontDUrville	timeDate-DaylightSavingTime
Dushanbe	timeDate-DaylightSavingTime
Easter	calendar-Easter
EasterMonday	holiday-Dates
Eastern	timeDate-DaylightSavingTime
EasterSunday	holiday-Dates
Edmonton	timeDate-DaylightSavingTime
EET	timeDate-DaylightSavingTime
Efate	timeDate-DaylightSavingTime
Eirunepe	timeDate-DaylightSavingTime
El_Aaiun	timeDate-DaylightSavingTime
El_Salvador	timeDate-DaylightSavingTime
end	base-start
end.timeDate	base-start
Enderbury	timeDate-DaylightSavingTime
Epiphany	holiday-Dates
EST	timeDate-DaylightSavingTime
Eucla	timeDate-DaylightSavingTime
Fakaofo	timeDate-DaylightSavingTime
Faroe	timeDate-DaylightSavingTime
Fiji	timeDate-DaylightSavingTime
finCenter	timeDate-finCenter
finCenter,timeDate-method	timeDate-finCenter
finCenter<-	timeDate-finCenter
finCenter<-,timeDate-method	timeDate-finCenter
firstDay	calendar-firstDay
format	base-format
format.timeDate	base-format
Fortaleza	timeDate-DaylightSavingTime
FRAllSaints	holiday-Dates
Frankfurt	timeDate-DaylightSavingTime
FRArmisticeDay	holiday-Dates
FRAscension	holiday-Dates
FRAssumptionVirginMary	holiday-Dates
FRBastilleDay	holiday-Dates
Freetown	timeDate-DaylightSavingTime
frequency	calendar-isRegular
frequency,timeDate-method	calendar-isRegular
FRFetDeLaVictoire1945	holiday-Dates
Funafuti	timeDate-DaylightSavingTime
Gaborone	timeDate-DaylightSavingTime
Galapagos	timeDate-DaylightSavingTime
Gambier	timeDate-DaylightSavingTime
Gaza	timeDate-DaylightSavingTime
GBBankHoliday	holiday-Dates
GBMayDay	holiday-Dates
GBMilleniumDay	holiday-Dates
GBSummerBankHoliday	holiday-Dates
getDataPart,timeDate-method	timeDate
getRmetricsOption	options-RmetricsOptions
getRmetricsOptions	options-RmetricsOptions
Gibraltar	timeDate-DaylightSavingTime
Glace_Bay	timeDate-DaylightSavingTime
Godthab	timeDate-DaylightSavingTime
GoodFriday	holiday-Dates
Goose_Bay	timeDate-DaylightSavingTime
Grand_Turk	timeDate-DaylightSavingTime
Grenada	timeDate-DaylightSavingTime
Guadalcanal	timeDate-DaylightSavingTime
Guadeloupe	timeDate-DaylightSavingTime
Guam	timeDate-DaylightSavingTime
Guatemala	timeDate-DaylightSavingTime
Guayaquil	timeDate-DaylightSavingTime
Guernsey	timeDate-DaylightSavingTime
Guyana	timeDate-DaylightSavingTime
Halifax	timeDate-DaylightSavingTime
Harare	timeDate-DaylightSavingTime
Harbin	timeDate-DaylightSavingTime
Havana	timeDate-DaylightSavingTime
Helsinki	timeDate-DaylightSavingTime
Hermosillo	timeDate-DaylightSavingTime
Hobart	timeDate-DaylightSavingTime
holiday	holiday
holidayDate	holiday-Dates
holidayLONDON	holiday-LONDON
holidayNERC	holiday-NERC
holidayNYSE	holiday-NYSE
holidayTSX	holiday-TSX
holidayZURICH	holiday-ZURICH
HongKong	timeDate-DaylightSavingTime
Hong_Kong	timeDate-DaylightSavingTime
Honolulu	timeDate-DaylightSavingTime
Hovd	timeDate-DaylightSavingTime
Indianapolis	timeDate-DaylightSavingTime
initialize,timeDate-method	timeDate
Inuvik	timeDate-DaylightSavingTime
Iqaluit	timeDate-DaylightSavingTime
Irkutsk	timeDate-DaylightSavingTime
is.na,timeDate-method	stats-na-fail
is.na-methods	stats-na-fail
isBizday	calendar-isBizday
isDaily	calendar-isRegular
isDaily,timeDate-method	calendar-isRegular
isHoliday	calendar-isBizday
Isle_of_Man	timeDate-DaylightSavingTime
isMonthly	calendar-isRegular
isMonthly,timeDate-method	calendar-isRegular
isQuarterly	calendar-isRegular
isQuarterly,timeDate-method	calendar-isRegular
isRegular	calendar-isRegular
isRegular,timeDate-method	calendar-isRegular
Istanbul	timeDate-DaylightSavingTime
isWeekday	calendar-isWeekday
isWeekend	calendar-isWeekday
ITAllSaints	holiday-Dates
ITAssumptionOfVirginMary	holiday-Dates
ITEpiphany	holiday-Dates
ITImmaculateConception	holiday-Dates
ITLiberationDay	holiday-Dates
ITStAmrose	holiday-Dates
Jakarta	timeDate-DaylightSavingTime
Jamaica	timeDate-DaylightSavingTime
Jayapura	timeDate-DaylightSavingTime
Jersey	timeDate-DaylightSavingTime
Jerusalem	timeDate-DaylightSavingTime
Johannesburg	timeDate-DaylightSavingTime
Johnston	timeDate-DaylightSavingTime
JPAutumnalEquinox	holiday-Dates
JPBankHolidayDec31	holiday-Dates
JPBankHolidayJan2	holiday-Dates
JPBankHolidayJan3	holiday-Dates
JPBunkaNoHi	holiday-Dates
JPChildrensDay	holiday-Dates
JPComingOfAgeDay	holiday-Dates
JPConstitutionDay	holiday-Dates
JPEmperorsBirthday	holiday-Dates
JPGantan	holiday-Dates
JPGreeneryDay	holiday-Dates
JPHealthandSportsDay	holiday-Dates
JPKeirouNOhi	holiday-Dates
JPKenkokuKinenNoHi	holiday-Dates
JPKenpouKinenBi	holiday-Dates
JPKinrouKanshaNoHi	holiday-Dates
JPKodomoNoHi	holiday-Dates
JPKokuminNoKyujitu	holiday-Dates
JPMarineDay	holiday-Dates
JPMidoriNoHi	holiday-Dates
JPNatFoundationDay	holiday-Dates
JPNationalCultureDay	holiday-Dates
JPNationHoliday	holiday-Dates
JPNewYearsDay	holiday-Dates
JPRespectForTheAgedDay	holiday-Dates
JPSeijinNoHi	holiday-Dates
JPShuubunNoHi	holiday-Dates
JPTaiikuNoHi	holiday-Dates
JPTennouTanjyouBi	holiday-Dates
JPThanksgivingDay	holiday-Dates
JPUmiNoHi	holiday-Dates
JPVernalEquinox	holiday-Dates
Jujuy	timeDate-DaylightSavingTime
julian,timeDate-method	calendar-julian
Juneau	timeDate-DaylightSavingTime
Kabul	timeDate-DaylightSavingTime
Kaliningrad	timeDate-DaylightSavingTime
Kamchatka	timeDate-DaylightSavingTime
Kampala	timeDate-DaylightSavingTime
Karachi	timeDate-DaylightSavingTime
Kashgar	timeDate-DaylightSavingTime
Katmandu	timeDate-DaylightSavingTime
Kerguelen	timeDate-DaylightSavingTime
Khartoum	timeDate-DaylightSavingTime
Kiev	timeDate-DaylightSavingTime
Kigali	timeDate-DaylightSavingTime
Kinshasa	timeDate-DaylightSavingTime
Kiritimati	timeDate-DaylightSavingTime
Knox	timeDate-DaylightSavingTime
Kosrae	timeDate-DaylightSavingTime
Krasnoyarsk	timeDate-DaylightSavingTime
KualaLumpur	timeDate-DaylightSavingTime
Kuala_Lumpur	timeDate-DaylightSavingTime
Kuching	timeDate-DaylightSavingTime
kurtosis	stats-kurtosis
kurtosis.data.frame	stats-kurtosis
kurtosis.default	stats-kurtosis
kurtosis.POSIXct	stats-kurtosis
kurtosis.POSIXlt	stats-kurtosis
Kuwait	timeDate-DaylightSavingTime
Kwajalein	timeDate-DaylightSavingTime
LaborDay	holiday-Dates
Lagos	timeDate-DaylightSavingTime
lastDay	calendar-firstDay
La_Paz	timeDate-DaylightSavingTime
La_Rioja	timeDate-DaylightSavingTime
length	base-length
length.timeDate	base-length
Libreville	timeDate-DaylightSavingTime
Lima	timeDate-DaylightSavingTime
Lindeman	timeDate-DaylightSavingTime
lines,timeDate-method	graphics-plot
Lisbon	timeDate-DaylightSavingTime
listFinCenter	timeDate-listFinCenter
listHolidays	holiday-Listing
Ljubljana	timeDate-DaylightSavingTime
Lome	timeDate-DaylightSavingTime
London	timeDate-DaylightSavingTime
Longyearbyen	timeDate-DaylightSavingTime
Lord_Howe	timeDate-DaylightSavingTime
LosAngeles	timeDate-DaylightSavingTime
Los_Angeles	timeDate-DaylightSavingTime
Louisville	timeDate-DaylightSavingTime
Luanda	timeDate-DaylightSavingTime
Lubumbashi	timeDate-DaylightSavingTime
Lusaka	timeDate-DaylightSavingTime
Luxembourg	timeDate-DaylightSavingTime
Macau	timeDate-DaylightSavingTime
Maceio	timeDate-DaylightSavingTime
Madeira	timeDate-DaylightSavingTime
Madrid	timeDate-DaylightSavingTime
Magadan	timeDate-DaylightSavingTime
Mahe	timeDate-DaylightSavingTime
Majuro	timeDate-DaylightSavingTime
Makassar	timeDate-DaylightSavingTime
Malabo	timeDate-DaylightSavingTime
Maldives	timeDate-DaylightSavingTime
Malta	timeDate-DaylightSavingTime
Managua	timeDate-DaylightSavingTime
Manaus	timeDate-DaylightSavingTime
Manila	timeDate-DaylightSavingTime
Maputo	timeDate-DaylightSavingTime
Marengo	timeDate-DaylightSavingTime
Mariehamn	timeDate-DaylightSavingTime
Marigot	timeDate-DaylightSavingTime
Marquesas	timeDate-DaylightSavingTime
Martinique	timeDate-DaylightSavingTime
Maseru	timeDate-DaylightSavingTime
MassOfArchangels	holiday-Dates
Mauritius	timeDate-DaylightSavingTime
Mawson	timeDate-DaylightSavingTime
max.timeDate	base-start
Mayotte	timeDate-DaylightSavingTime
Mazatlan	timeDate-DaylightSavingTime
Mbabane	timeDate-DaylightSavingTime
McMurdo	timeDate-DaylightSavingTime
Melbourne	timeDate-DaylightSavingTime
Mendoza	timeDate-DaylightSavingTime
Menominee	timeDate-DaylightSavingTime
Merida	timeDate-DaylightSavingTime
MexicoCity	timeDate-DaylightSavingTime
Mexico_City	timeDate-DaylightSavingTime
midnightStandard	timeDate-midnightStandard
midnightStandard2	timeDate-midnightStandard
Midway	timeDate-DaylightSavingTime
min.timeDate	base-start
Minsk	timeDate-DaylightSavingTime
Miquelon	timeDate-DaylightSavingTime
Mogadishu	timeDate-DaylightSavingTime
Monaco	timeDate-DaylightSavingTime
Moncton	timeDate-DaylightSavingTime
Monrovia	timeDate-DaylightSavingTime
Monterrey	timeDate-DaylightSavingTime
Montevideo	timeDate-DaylightSavingTime
monthlyRolling	calendar-periods
months,timeDate-method	calendar-julian
Monticello	timeDate-DaylightSavingTime
Montreal	timeDate-DaylightSavingTime
Montserrat	timeDate-DaylightSavingTime
Moscow	timeDate-DaylightSavingTime
MST	timeDate-DaylightSavingTime
Muscat	timeDate-DaylightSavingTime
myFinCenter	options-myFinCenter
myUnits	options-myUnits
Nairobi	timeDate-DaylightSavingTime
names,timeDate-method	methods-names
names-methods	methods-names
names<-,timeDate-method	methods-names
Nassau	timeDate-DaylightSavingTime
Nauru	timeDate-DaylightSavingTime
nDay	calendar-nDay
Ndjamena	timeDate-DaylightSavingTime
NewYearsDay	holiday-Dates
NewYork	timeDate-DaylightSavingTime
New_Salem	timeDate-DaylightSavingTime
New_York	timeDate-DaylightSavingTime
Niamey	timeDate-DaylightSavingTime
Nicosia	timeDate-DaylightSavingTime
Nipigon	timeDate-DaylightSavingTime
Niue	timeDate-DaylightSavingTime
Nome	timeDate-DaylightSavingTime
Norfolk	timeDate-DaylightSavingTime
Noronha	timeDate-DaylightSavingTime
Nouakchott	timeDate-DaylightSavingTime
Noumea	timeDate-DaylightSavingTime
Novosibirsk	timeDate-DaylightSavingTime
Omsk	timeDate-DaylightSavingTime
onOrAfter	calendar-onOrAfter
onOrBefore	calendar-onOrAfter
Ops,timeDate,timeDate-method	methods-mathOps
Oral	timeDate-DaylightSavingTime
Oslo	timeDate-DaylightSavingTime
Ouagadougou	timeDate-DaylightSavingTime
Pacific	timeDate-DaylightSavingTime
Pago_Pago	timeDate-DaylightSavingTime
Palau	timeDate-DaylightSavingTime
Palmer	timeDate-DaylightSavingTime
PalmSunday	holiday-Dates
Panama	timeDate-DaylightSavingTime
Pangnirtung	timeDate-DaylightSavingTime
Paramaribo	timeDate-DaylightSavingTime
Paris	timeDate-DaylightSavingTime
Pentecost	holiday-Dates
PentecostMonday	holiday-Dates
periodicallyRolling	calendar-periods
periods	calendar-periods
Perth	timeDate-DaylightSavingTime
Petersburg	timeDate-DaylightSavingTime
Phnom_Penh	timeDate-DaylightSavingTime
Phoenix	timeDate-DaylightSavingTime
Pitcairn	timeDate-DaylightSavingTime
plot,timeDate-method	graphics-plot
Podgorica	timeDate-DaylightSavingTime
points,timeDate-method	graphics-plot
Ponape	timeDate-DaylightSavingTime
Pontianak	timeDate-DaylightSavingTime
Port-au-Prince	timeDate-DaylightSavingTime
Porto-Novo	timeDate-DaylightSavingTime
Porto_Velho	timeDate-DaylightSavingTime
Port_Moresby	timeDate-DaylightSavingTime
Port_of_Spain	timeDate-DaylightSavingTime
Prague	timeDate-DaylightSavingTime
PresentationOfLord	holiday-Dates
pretty.timeDate	graphics-plot
PST	timeDate-DaylightSavingTime
Puerto_Rico	timeDate-DaylightSavingTime
Pyongyang	timeDate-DaylightSavingTime
Qatar	timeDate-DaylightSavingTime
Quinquagesima	holiday-Dates
Qyzylorda	timeDate-DaylightSavingTime
Rainy_River	timeDate-DaylightSavingTime
range.timeDate	base-start
Rangoon	timeDate-DaylightSavingTime
Rankin_Inlet	timeDate-DaylightSavingTime
Rarotonga	timeDate-DaylightSavingTime
Recife	timeDate-DaylightSavingTime
Regina	timeDate-DaylightSavingTime
rep	base-rep
rep.timeDate	base-rep
Resolute	timeDate-DaylightSavingTime
Reunion	timeDate-DaylightSavingTime
rev	base-rev
rev.timeDate	base-rev
Reykjavik	timeDate-DaylightSavingTime
Riga	timeDate-DaylightSavingTime
Rio_Branco	timeDate-DaylightSavingTime
Rio_Gallegos	timeDate-DaylightSavingTime
Riyadh	timeDate-DaylightSavingTime
RogationSunday	holiday-Dates
Rome	timeDate-DaylightSavingTime
Rothera	timeDate-DaylightSavingTime
round	base-round
round.timeDate	base-round
rulesFinCenter	timeDate-rulesFinCenter
Saigon	timeDate-DaylightSavingTime
Saipan	timeDate-DaylightSavingTime
Sakhalin	timeDate-DaylightSavingTime
Samara	timeDate-DaylightSavingTime
Samarkand	timeDate-DaylightSavingTime
sample	base-sample
sample,timeDate-method	base-sample
Santiago	timeDate-DaylightSavingTime
Santo_Domingo	timeDate-DaylightSavingTime
San_Juan	timeDate-DaylightSavingTime
San_Marino	timeDate-DaylightSavingTime
Sao_Paulo	timeDate-DaylightSavingTime
Sao_Tome	timeDate-DaylightSavingTime
Sarajevo	timeDate-DaylightSavingTime
Scoresbysund	timeDate-DaylightSavingTime
Seoul	timeDate-DaylightSavingTime
Septuagesima	holiday-Dates
seq.timeDate	timeDate-Sequence
setRmetricsOptions	options-RmetricsOptions
Shanghai	timeDate-DaylightSavingTime
Shiprock	timeDate-DaylightSavingTime
show,ANY-method	methods-show
show,timeDate-method	methods-show
show-methods	methods-show
show.timeDate	methods-show
Simferopol	timeDate-DaylightSavingTime
Singapore	timeDate-DaylightSavingTime
skewness	stats-skewness
skewness.data.frame	stats-skewness
skewness.default	stats-skewness
skewness.POSIXct	stats-skewness
skewness.POSIXlt	stats-skewness
Skopje	timeDate-DaylightSavingTime
Sofia	timeDate-DaylightSavingTime
SolemnityOfMary	holiday-Dates
sort	base-sort
sort.timeDate	base-sort
South_Georgia	timeDate-DaylightSavingTime
South_Pole	timeDate-DaylightSavingTime
Stanley	timeDate-DaylightSavingTime
start	base-start
start.timeDate	base-start
Stockholm	timeDate-DaylightSavingTime
strptimeDate	timeDate
St_Barthelemy	timeDate-DaylightSavingTime
St_Helena	timeDate-DaylightSavingTime
St_Johns	timeDate-DaylightSavingTime
St_Kitts	timeDate-DaylightSavingTime
St_Lucia	timeDate-DaylightSavingTime
St_Thomas	timeDate-DaylightSavingTime
St_Vincent	timeDate-DaylightSavingTime
subset	base-subset
summary.timeDate	base-summary
Swift_Current	timeDate-DaylightSavingTime
Sydney	timeDate-DaylightSavingTime
Syowa	timeDate-DaylightSavingTime
Sys.timeDate	timeDate-Sys.timeDate
Tahiti	timeDate-DaylightSavingTime
Taipei	timeDate-DaylightSavingTime
Tallinn	timeDate-DaylightSavingTime
Tarawa	timeDate-DaylightSavingTime
Tashkent	timeDate-DaylightSavingTime
Tbilisi	timeDate-DaylightSavingTime
Tegucigalpa	timeDate-DaylightSavingTime
Tehran	timeDate-DaylightSavingTime
Tell_City	timeDate-DaylightSavingTime
Thimphu	timeDate-DaylightSavingTime
Thule	timeDate-DaylightSavingTime
Thunder_Bay	timeDate-DaylightSavingTime
Tijuana	timeDate-DaylightSavingTime
timeCalendar	timeDate-Calendar
timeDate	timeDate
timeDate,ANY-method	timeDate
timeDate,character-method	timeDate
timeDate,Date-method	timeDate
timeDate,missing-method	timeDate
timeDate,numeric-method	timeDate
timeDate,POSIXt-method	timeDate
timeDate,timeDate-method	timeDate
timeDate-class	class-timeDate
timeDateMathOps	methods-mathOps
timeFirstDayInMonth	calendar-firstDay
timeFirstDayInQuarter	calendar-firstDay
timeLastDayInMonth	calendar-firstDay
timeLastDayInQuarter	calendar-firstDay
timeLastNdayInMonth	calendar-nDay
timeNdayOnOrAfter	calendar-onOrAfter
timeNdayOnOrBefore	calendar-onOrAfter
timeNthNdayInMonth	calendar-nDay
timeSequence	timeDate-Sequence
Tirane	timeDate-DaylightSavingTime
Tokyo	timeDate-DaylightSavingTime
Tongatapu	timeDate-DaylightSavingTime
Toronto	timeDate-DaylightSavingTime
Tortola	timeDate-DaylightSavingTime
TransfigurationOfLord	holiday-Dates
TrinitySunday	holiday-Dates
Tripoli	timeDate-DaylightSavingTime
Truk	timeDate-DaylightSavingTime
trunc	base-round
trunc.timeDate	base-round
Tucuman	timeDate-DaylightSavingTime
Tunis	timeDate-DaylightSavingTime
Ulaanbaatar	timeDate-DaylightSavingTime
unique	base-unique
unique.timeDate	base-unique
Urumqi	timeDate-DaylightSavingTime
USChristmasDay	holiday-Dates
USColumbusDay	holiday-Dates
USCPulaskisBirthday	holiday-Dates
USDecorationMemorialDay	holiday-Dates
USElectionDay	holiday-Dates
USGoodFriday	holiday-Dates
Ushuaia	timeDate-DaylightSavingTime
USInaugurationDay	holiday-Dates
USIndependenceDay	holiday-Dates
USLaborDay	holiday-Dates
USLincolnsBirthday	holiday-Dates
USMemorialDay	holiday-Dates
USMLKingsBirthday	holiday-Dates
USNewYearsDay	holiday-Dates
USPresidentsDay	holiday-Dates
USThanksgivingDay	holiday-Dates
USVeteransDay	holiday-Dates
USWashingtonsBirthday	holiday-Dates
Uzhgorod	timeDate-DaylightSavingTime
Vaduz	timeDate-DaylightSavingTime
Vancouver	timeDate-DaylightSavingTime
Vatican	timeDate-DaylightSavingTime
Vevay	timeDate-DaylightSavingTime
Vienna	timeDate-DaylightSavingTime
Vientiane	timeDate-DaylightSavingTime
Vilnius	timeDate-DaylightSavingTime
Vincennes	timeDate-DaylightSavingTime
Vladivostok	timeDate-DaylightSavingTime
Volgograd	timeDate-DaylightSavingTime
Vostok	timeDate-DaylightSavingTime
Wake	timeDate-DaylightSavingTime
Wallis	timeDate-DaylightSavingTime
Warsaw	timeDate-DaylightSavingTime
whichFormat	timeDate-whichFormat
Whitehorse	timeDate-DaylightSavingTime
Winamac	timeDate-DaylightSavingTime
Windhoek	timeDate-DaylightSavingTime
window	stats-window
window.timeDate	stats-window
Winnipeg	timeDate-DaylightSavingTime
Yakutat	timeDate-DaylightSavingTime
Yakutsk	timeDate-DaylightSavingTime
Yekaterinburg	timeDate-DaylightSavingTime
Yellowknife	timeDate-DaylightSavingTime
Yerevan	timeDate-DaylightSavingTime
Zagreb	timeDate-DaylightSavingTime
Zaporozhye	timeDate-DaylightSavingTime
Zurich	timeDate-DaylightSavingTime
[,timeDate,ANY,missing-method	base-subset
[,timeDate,character,missing-method	base-subset
[,timeDate,logical,missing-method	base-subset
[,timeDate,missing,missing-method	base-subset
[,timeDate,numeric,missing-method	base-subset
[<-.timeDate	base-subset
